[{"id":"2","title":"updated Tile","description":"Made in Uganda","price":"12000"},{"id":"3","name":"Speakers","description":"Made in China","price":"14000"},{"id":"126661cd-6cd4-4ec8-8f15-45a871dcf72b","title":"Test Product","description":"This is my Product","price":100},{"id":"2a094586-7a24-4d75-8788-58a9242ac676","title":"Musoke Watch","description":"This is my Product","price":3000},{"id":"fe2f418d-d1eb-42ea-90f5-fb58254dcc31","title":"Musoke Watch 4","description":"This is my Product","price":3000}]